Workbook

Sheet 📊 Dashboard
B2: CyberAssetIQ – User Acceptance Test Tracker
B3: TotalIT Solutions Limited | Company No. 16537549
B5: Tester Name: | C5: Wole Jimlas Adekola | E5: Test Environment: | F5: Docker | FastAPI | PostgreSQL 16
B6: Start Date: | E6: Backend URL: | F6: http://192.168.0.179:8000
B7: End Date: | E7: Agent Machine: | F7: 192.168.0.149 (port 8099)
B8: Version: | C8: v2.4+ | E8: API Key: | F8: cyberassetiq-admin-key-001
B9: Tenant: | C9: tenant-001 | E9: Container: | F9: cyberassetiq-backend-1
B11: MODULE | C11: TOTAL TESTS | D11: PASSED ✅ | E11: FAILED ❌ | F11: SKIPPED ⏭ | G11: PENDING ⏳ | H11: PASS RATE
B12: 01 – Authentication & User Management | C12: =COUNTA('01 Auth'!E:E)-1 | D12: =COUNTIF('01 Auth'!E:E,"Passed") | E12: =COUNTIF('01 Auth'!E:E,"Failed") | F12: =COUNTIF('01 Auth'!E:E,"Skipped") | G12: =COUNTIF('01 Auth'!E:E,"Pending") | H12: =IFERROR(D12/C12,"-")
B13: 02 – Asset Discovery & Inventory | C13: =COUNTA('02 Assets'!E:E)-1 | D13: =COUNTIF('02 Assets'!E:E,"Passed") | E13: =COUNTIF('02 Assets'!E:E,"Failed") | F13: =COUNTIF('02 Assets'!E:E,"Skipped") | G13: =COUNTIF('02 Assets'!E:E,"Pending") | H13: =IFERROR(D13/C13,"-")
B14: 03 – Windows Agent | C14: =COUNTA('03 Agent'!E:E)-1 | D14: =COUNTIF('03 Agent'!E:E,"Passed") | E14: =COUNTIF('03 Agent'!E:E,"Failed") | F14: =COUNTIF('03 Agent'!E:E,"Skipped") | G14: =COUNTIF('03 Agent'!E:E,"Pending") | H14: =IFERROR(D14/C14,"-")
B15: 04 – Network Discovery | C15: =COUNTA('04 Network'!E:E)-1 | D15: =COUNTIF('04 Network'!E:E,"Passed") | E15: =COUNTIF('04 Network'!E:E,"Failed") | F15: =COUNTIF('04 Network'!E:E,"Skipped") | G15: =COUNTIF('04 Network'!E:E,"Pending") | H15: =IFERROR(D15/C15,"-")
B16: 05 – Vulnerability Management | C16: =COUNTA('05 Vulns'!E:E)-1 | D16: =COUNTIF('05 Vulns'!E:E,"Passed") | E16: =COUNTIF('05 Vulns'!E:E,"Failed") | F16: =COUNTIF('05 Vulns'!E:E,"Skipped") | G16: =COUNTIF('05 Vulns'!E:E,"Pending") | H16: =IFERROR(D16/C16,"-")
B17: 06 – Credential / Secret Leak Detection | C17: =COUNTA('06 Secrets'!E:E)-1 | D17: =COUNTIF('06 Secrets'!E:E,"Passed") | E17: =COUNTIF('06 Secrets'!E:E,"Failed") | F17: =COUNTIF('06 Secrets'!E:E,"Skipped") | G17: =COUNTIF('06 Secrets'!E:E,"Pending") | H17: =IFERROR(D17/C17,"-")
B18: 07 – Dark Web Exposure | C18: =COUNTA('07 DarkWeb'!E:E)-1 | D18: =COUNTIF('07 DarkWeb'!E:E,"Passed") | E18: =COUNTIF('07 DarkWeb'!E:E,"Failed") | F18: =COUNTIF('07 DarkWeb'!E:E,"Skipped") | G18: =COUNTIF('07 DarkWeb'!E:E,"Pending") | H18: =IFERROR(D18/C18,"-")
B19: 08 – Cyber Essentials v3.2 Compliance | C19: =COUNTA('08 CE'!E:E)-1 | D19: =COUNTIF('08 CE'!E:E,"Passed") | E19: =COUNTIF('08 CE'!E:E,"Failed") | F19: =COUNTIF('08 CE'!E:E,"Skipped") | G19: =COUNTIF('08 CE'!E:E,"Pending") | H19: =IFERROR(D19/C19,"-")
B20: 09 – AI Security Intelligence | C20: =COUNTA('09 AI'!E:E)-1 | D20: =COUNTIF('09 AI'!E:E,"Passed") | E20: =COUNTIF('09 AI'!E:E,"Failed") | F20: =COUNTIF('09 AI'!E:E,"Skipped") | G20: =COUNTIF('09 AI'!E:E,"Pending") | H20: =IFERROR(D20/C20,"-")
B21: 10 – SIEM & EDR Integrations | C21: =COUNTA('10 SIEM-EDR'!E:E)-1 | D21: =COUNTIF('10 SIEM-EDR'!E:E,"Passed") | E21: =COUNTIF('10 SIEM-EDR'!E:E,"Failed") | F21: =COUNTIF('10 SIEM-EDR'!E:E,"Skipped") | G21: =COUNTIF('10 SIEM-EDR'!E:E,"Pending") | H21: =IFERROR(D21/C21,"-")
B22: 11 – IAM Integrations (Entra / Okta) | C22: =COUNTA('11 IAM'!E:E)-1 | D22: =COUNTIF('11 IAM'!E:E,"Passed") | E22: =COUNTIF('11 IAM'!E:E,"Failed") | F22: =COUNTIF('11 IAM'!E:E,"Skipped") | G22: =COUNTIF('11 IAM'!E:E,"Pending") | H22: =IFERROR(D22/C22,"-")
B23: 12 – ITSM & MSP Integrations | C23: =COUNTA('12 ITSM'!E:E)-1 | D23: =COUNTIF('12 ITSM'!E:E,"Passed") | E23: =COUNTIF('12 ITSM'!E:E,"Failed") | F23: =COUNTIF('12 ITSM'!E:E,"Skipped") | G23: =COUNTIF('12 ITSM'!E:E,"Pending") | H23: =IFERROR(D23/C23,"-")
B24: 13 – Reporting & Evidence Packages | C24: =COUNTA('13 Reports'!E:E)-1 | D24: =COUNTIF('13 Reports'!E:E,"Passed") | E24: =COUNTIF('13 Reports'!E:E,"Failed") | F24: =COUNTIF('13 Reports'!E:E,"Skipped") | G24: =COUNTIF('13 Reports'!E:E,"Pending") | H24: =IFERROR(D24/C24,"-")
B25: 14 – Multi-Tenancy & RBAC | C25: =COUNTA('14 RBAC'!E:E)-1 | D25: =COUNTIF('14 RBAC'!E:E,"Passed") | E25: =COUNTIF('14 RBAC'!E:E,"Failed") | F25: =COUNTIF('14 RBAC'!E:E,"Skipped") | G25: =COUNTIF('14 RBAC'!E:E,"Pending") | H25: =IFERROR(D25/C25,"-")
B26: 15 – Notifications & Alerts | C26: =COUNTA('15 Alerts'!E:E)-1 | D26: =COUNTIF('15 Alerts'!E:E,"Passed") | E26: =COUNTIF('15 Alerts'!E:E,"Failed") | F26: =COUNTIF('15 Alerts'!E:E,"Skipped") | G26: =COUNTIF('15 Alerts'!E:E,"Pending") | H26: =IFERROR(D26/C26,"-")
B27: 16 – API Endpoints | C27: =COUNTA('16 API'!E:E)-1 | D27: =COUNTIF('16 API'!E:E,"Passed") | E27: =COUNTIF('16 API'!E:E,"Failed") | F27: =COUNTIF('16 API'!E:E,"Skipped") | G27: =COUNTIF('16 API'!E:E,"Pending") | H27: =IFERROR(D27/C27,"-")
B28: 17 – Dashboard UI & UX | C28: =COUNTA('17 UI'!E:E)-1 | D28: =COUNTIF('17 UI'!E:E,"Passed") | E28: =COUNTIF('17 UI'!E:E,"Failed") | F28: =COUNTIF('17 UI'!E:E,"Skipped") | G28: =COUNTIF('17 UI'!E:E,"Pending") | H28: =IFERROR(D28/C28,"-")
B29: TOTAL | C29: =SUM(C12:C28) | D29: =SUM(D12:D28) | E29: =SUM(E12:E28) | F29: =SUM(F12:F28) | G29: =SUM(G12:G28) | H29: =IFERROR(D29/C29,"-")
B31: LEGEND
B32: Passed | C32: Feature works correctly end-to-end (browser + API verified)
B33: Failed | C33: Feature did not work – use Comments column to describe issue
B34: Skipped | C34: Not tested in this cycle (dependency or environment issue)
B35: Pending | C35: Not yet tested – still to do

Sheet 01 Auth
A2: CyberAssetIQ – Module 01 – Authentication & User Management
A3: Test Status: Pending | Fill in columns E–H for each test case
A5: TEST ID | B5: TEST NAME | C5: TEST STEPS / HOW TO TEST | D5: EXPECTED RESULT | E5: STATUS | F5: DATE TESTED | G5: TESTER NOTES / BUG DESCRIPTION | H5: PRIORITY
A6: AUTH-01 | B6: Admin Login via UI | C6: 1. Open http://192.168.0.179:8000 2. Enter admin credentials 3. Click Login | D6: Redirected to main dashboard. Session token issued. No errors. | E6: Pending | H6: High
A7: AUTH-02 | B7: API Key Authentication | C7: 1. Call GET /api/v1/assets with header X-API-Key: cyberassetiq-admin-key-001 2. Verify 200 response | D7: 200 OK response with asset data returned | E7: Pending | H7: High
A8: AUTH-03 | B8: Invalid API Key Rejected | C8: 1. Call GET /api/v1/assets with header X-API-Key: invalid-key 2. Check response code | D8: 401 Unauthorized response | E8: Pending | H8: High
A9: AUTH-04 | B9: Token Expiry & Refresh | C9: 1. Log in 2. Wait for session expiry or manually expire token 3. Attempt API call | D9: 401 returned with message to re-authenticate. No stale session. | E9: Pending | H9: Medium
A10: AUTH-05 | B10: Multi-User Login (tenant-001) | C10: 1. Create a second user under tenant-001 2. Log in with new user 3. Verify data isolation | D10: New user can log in. Sees only their tenant data. | E10: Pending | H10: High
A11: AUTH-06 | B11: Password Reset Flow | C11: 1. Click 'Forgot Password' 2. Enter registered email 3. Follow reset link | D11: Reset email sent. Password updated. User can log in with new password. | E11: Pending | H11: Medium
A12: AUTH-07 | B12: Logout Clears Session | C12: 1. Log in 2. Click Logout 3. Try to navigate to a protected page | D12: Session invalidated. Redirected to login page. API returns 401. | E12: Pending | H12: Medium
A13: 💡 HOW TO USE: Select STATUS dropdown → choose Passed / Failed / Skipped. For Failed tests, describe the exact error in the TESTER NOTES column. Date format: DD/MM/YYYY

Sheet 02 Assets
A2: CyberAssetIQ – Module 02 – Asset Discovery & Inventory
A3: Test Status: Pending | Fill in columns E–H for each test case
A5: TEST ID | B5: TEST NAME | C5: TEST STEPS / HOW TO TEST | D5: EXPECTED RESULT | E5: STATUS | F5: DATE TESTED | G5: TESTER NOTES / BUG DESCRIPTION | H5: PRIORITY
A6: ASSET-01 | B6: Asset List Loads | C6: 1. Log in 2. Navigate to Assets section 3. Observe asset list | D6: Asset table loads with columns: name, IP, OS, last seen, risk score. | E6: Pending | H6: High
A7: ASSET-02 | B7: Manual Asset Creation | C7: 1. Click 'Add Asset' 2. Fill in name, IP, OS type 3. Save | D7: New asset appears in list immediately. Stored in DB. | E7: Pending | H7: High
A8: ASSET-03 | B8: Asset Search & Filter | C8: 1. In asset list, type a hostname in the search box 2. Apply OS filter | D8: Filtered results match search term. Non-matching assets hidden. | E8: Pending | H8: Medium
A9: ASSET-04 | B9: Asset Detail View | C9: 1. Click any asset in the list 2. View detail panel | D9: Detail panel shows: IP, MAC, OS, patch level, open CVEs, last scan time. | E9: Pending | H9: High
A10: ASSET-05 | B10: Asset Deduplication | C10: 1. Submit the same asset twice (same MAC/IP) 2. Check asset count | D10: Only one entry created. Canonical merge logic prevents duplicate. | E10: Pending | H10: High
A11: ASSET-06 | B11: Asset Edit & Update | C11: 1. Open an existing asset 2. Edit the hostname 3. Save | D11: Updated hostname reflected immediately. Audit log entry created. | E11: Pending | H11: Medium
A12: ASSET-07 | B12: Asset Delete | C12: 1. Select an asset 2. Click Delete 3. Confirm | D12: Asset removed from list. Not retrievable via API. | E12: Pending | H12: Low
A13: ASSET-08 | B13: Asset Risk Score Display | C13: 1. View an asset with known CVEs 2. Check risk score | D13: Risk score is calculated and displayed. High CVE count = High risk. | E13: Pending | H13: High
A14: ASSET-09 | B14: Cloud Asset Discovery (Azure/AWS) | C14: 1. Configure cloud integration credentials 2. Trigger cloud scan | D14: Cloud resources appear as assets with provider tag (Azure/AWS). | E14: Pending | H14: High
A15: ASSET-10 | B15: SaaS Asset Discovery | C15: 1. Connect an Office 365 / Google Workspace account 2. Run discovery | D15: SaaS services appear as assets in inventory. | E15: Pending | H15: Medium
A16: 💡 HOW TO USE: Select STATUS dropdown → choose Passed / Failed / Skipped. For Failed tests, describe the exact error in the TESTER NOTES column. Date format: DD/MM/YYYY

Sheet 03 Agent
A2: CyberAssetIQ – Module 03 – Windows Agent
A3: Test Status: Pending | Fill in columns E–H for each test case
A5: TEST ID | B5: TEST NAME | C5: TEST STEPS / HOW TO TEST | D5: EXPECTED RESULT | E5: STATUS | F5: DATE TESTED | G5: TESTER NOTES / BUG DESCRIPTION | H5: PRIORITY
A6: AGENT-01 | B6: Agent Registers with Backend | C6: 1. On 192.168.0.149, start Windows agent 2. Check http://192.168.0.179:8000/api/v1/agents | D6: Agent appears with status 'active', IP, hostname visible. | E6: Pending | H6: High
A7: AGENT-02 | B7: Agent Heartbeat | C7: 1. Leave agent running for 5 minutes 2. Check last_seen timestamp in agent list | D7: last_seen updates every heartbeat interval (≤5 min). | E7: Pending | H7: High
A8: AGENT-03 | B8: Agent Collects Endpoints | C8: 1. After agent runs discovery 2. Check asset list for new entries from agent machine | D8: Endpoints discovered by agent appear in asset inventory. | E8: Pending | H8: High
A9: AGENT-04 | B9: Registry Scan | C9: 1. Agent performs registry scan 2. Check assets for installed software list | D9: Installed software populated against the asset from registry data. | E9: Pending | H9: High
A10: AGENT-05 | B10: Agent Offline Detection | C10: 1. Stop the agent service 2. Wait 10+ minutes 3. Check agent status | D10: Agent status changes to 'inactive' or 'offline'. Alert triggered. | E10: Pending | H10: Medium
A11: AGENT-06 | B11: Agent Auto-Reconnect | C11: 1. Stop agent, wait 5 minutes, restart 2. Check backend | D11: Agent reconnects and resumes data posting without manual intervention. | E11: Pending | H11: Medium
A12: AGENT-07 | B12: Agent Reports Patch Level | C12: 1. Run agent on a Windows machine with known missing patches 2. Check vulnerability data | D12: Missing patches listed under the asset in vulnerability module. | E12: Pending | H12: High
A13: 💡 HOW TO USE: Select STATUS dropdown → choose Passed / Failed / Skipped. For Failed tests, describe the exact error in the TESTER NOTES column. Date format: DD/MM/YYYY

Sheet 04 Network
A2: CyberAssetIQ – Module 04 – Network Discovery
A3: Test Status: Pending | Fill in columns E–H for each test case
A5: TEST ID | B5: TEST NAME | C5: TEST STEPS / HOW TO TEST | D5: EXPECTED RESULT | E5: STATUS | F5: DATE TESTED | G5: TESTER NOTES / BUG DESCRIPTION | H5: PRIORITY
A6: NET-01 | B6: Network Scan Initiation | C6: 1. Go to Network Discovery 2. Enter subnet (e.g. 192.168.0.0/24) 3. Click Scan | D6: Scan starts. Progress indicator shown. Assets discovered. | E6: Pending | H6: High
A7: NET-02 | B7: Discovered Assets Added to Inventory | C7: 1. After network scan completes 2. Check asset list | D7: All discovered hosts added to inventory with IP, MAC, open ports. | E7: Pending | H7: High
A8: NET-03 | B8: Port Scan Results | C8: 1. Run scan on a known host 2. View port results | D8: Open ports listed correctly (e.g. 80, 443, 3389 where applicable). | E8: Pending | H8: High
A9: NET-04 | B9: Scan History | C9: 1. Run two scans on same subnet 2. Check scan history | D9: Both scans listed with timestamps. Delta changes highlighted. | E9: Pending | H9: Medium
A10: NET-05 | B10: Agentless Discovery (No agent installed) | C10: 1. Target a machine with no agent 2. Run network scan | D10: Machine discovered via network scan and added to inventory. | E10: Pending | H10: High
A11: 💡 HOW TO USE: Select STATUS dropdown → choose Passed / Failed / Skipped. For Failed tests, describe the exact error in the TESTER NOTES column. Date format: DD/MM/YYYY

Sheet 05 Vulns
A2: CyberAssetIQ – Module 05 – Vulnerability Management
A3: Test Status: Pending | Fill in columns E–H for each test case
A5: TEST ID | B5: TEST NAME | C5: TEST STEPS / HOW TO TEST | D5: EXPECTED RESULT | E5: STATUS | F5: DATE TESTED | G5: TESTER NOTES / BUG DESCRIPTION | H5: PRIORITY
A6: VULN-01 | B6: CVE List Loads for Asset | C6: 1. Open an asset detail 2. Navigate to Vulnerabilities tab | D6: CVEs listed with: CVE ID, CVSS score, severity, description, patch status. | E6: Pending | H6: High
A7: VULN-02 | B7: NVD API Integration | C7: 1. Trigger vulnerability sync 2. Check CVE data is from NVD | D7: CVEs correlate to NVD data. Descriptions match NVD records. | E7: Pending | H7: High
A8: VULN-03 | B8: Vulnerability Severity Filter | C8: 1. In vuln list, filter by 'Critical' 2. Verify only critical CVEs shown | D8: Only CVSS 9.0+ CVEs displayed when Critical filter applied. | E8: Pending | H8: Medium
A9: VULN-04 | B9: Mark as Accepted Risk | C9: 1. Select a CVE on an asset 2. Click 'Accept Risk' 3. Add justification 4. Save | D9: CVE marked as Accepted Risk. Suppressed from active findings. Permanent. | E9: Pending | H9: High
A10: VULN-05 | B10: Mark as False Positive | C10: 1. Select a CVE 2. Click 'False Positive' 3. Add reason 4. Save | D10: CVE suppressed from active findings. Permanent flag. Not re-opened on rescan. | E10: Pending | H10: High
A11: VULN-06 | B11: Mark as Resolved | C11: 1. Apply a patch to a test asset 2. Rescan 3. Check CVE status | D11: CVE moves to Resolved. If patch removed and rescanned, CVE re-opens. | E11: Pending | H11: High
A12: VULN-07 | B12: Vulnerability Dashboard Summary | C12: 1. Go to Vulnerability Dashboard 2. Check summary counts | D12: Counts for Critical/High/Medium/Low match total CVEs across all assets. | E12: Pending | H12: Medium
A13: VULN-08 | B13: Patch Compliance Dashboard | C13: 1. Navigate to Patch Tracker 2. Check missing patches list | D13: Missing patches listed by asset. Percentage compliance score shown. | E13: Pending | H13: High
A14: VULN-09 | B14: Vulnerability Scan as Immutable Snapshot | C14: 1. Run scan 2. Note CVE count 3. Run second scan 4. Verify both snapshots retained | D14: Each scan stored as a separate immutable snapshot. No upsert. Both visible. | E14: Pending | H14: High
A15: 💡 HOW TO USE: Select STATUS dropdown → choose Passed / Failed / Skipped. For Failed tests, describe the exact error in the TESTER NOTES column. Date format: DD/MM/YYYY

Sheet 06 Secrets
A2: CyberAssetIQ – Module 06 – Credential / Secret Leak Detection
A3: Test Status: Pending | Fill in columns E–H for each test case
A5: TEST ID | B5: TEST NAME | C5: TEST STEPS / HOW TO TEST | D5: EXPECTED RESULT | E5: STATUS | F5: DATE TESTED | G5: TESTER NOTES / BUG DESCRIPTION | H5: PRIORITY
A6: SEC-01 | B6: Secret Scan UI Initiates | C6: 1. Navigate to Secret/Credential Detection 2. Click Run Scan | D6: Scan starts. Progress shown. | E6: Pending | H6: High
A7: SEC-02 | B7: API Key Pattern Detection | C7: 1. Place a dummy AWS key format string in a test file 2. Run scan | D7: AWS key detected. Shown in results with file path, line, entropy score. | E7: Pending | H7: High
A8: SEC-03 | B8: SecretScore ML Confidence Score | C8: 1. View scan results 2. Check each finding for confidence score | D8: Each finding shows a SecretScore (0–100). High entropy = High score. | E8: Pending | H8: High
A9: SEC-04 | B9: False Positive Reduction | C9: 1. Scan a file with a commented-out/example API key 2. Check score | D9: Commented/example keys score lower than real credentials (≤50%). | E9: Pending | H9: High
A10: SEC-05 | B10: Dark Web Match Flag | C10: 1. If a found secret matches a dark web record 2. Check flag in results | D10: Finding flagged with 'Dark Web Match' indicator and source reference. | E10: Pending | H10: Medium
A11: SEC-06 | B11: Secret Finding Suppression | C11: 1. Mark a finding as False Positive 2. Re-run scan | D11: Suppressed finding does not reappear in new scan results. | E11: Pending | H11: High
A12: SEC-07 | B12: 23-Feature Logistic Regression (SecretScore) | C12: 1. Review the feature breakdown on a finding 2. Check features used | D12: Features visible: entropy, file type, context, proximity to API calls etc. | E12: Pending | H12: Medium
A13: SEC-08 | B13: GitHub Repository Scan | C13: 1. Connect a GitHub repo 2. Run secret scan on repo | D13: Repo scanned. Secrets in commit history and current code detected. | E13: Pending | H13: Medium
A14: 💡 HOW TO USE: Select STATUS dropdown → choose Passed / Failed / Skipped. For Failed tests, describe the exact error in the TESTER NOTES column. Date format: DD/MM/YYYY

Sheet 07 DarkWeb
A2: CyberAssetIQ – Module 07 – Dark Web Exposure
A3: Test Status: Pending | Fill in columns E–H for each test case
A5: TEST ID | B5: TEST NAME | C5: TEST STEPS / HOW TO TEST | D5: EXPECTED RESULT | E5: STATUS | F5: DATE TESTED | G5: TESTER NOTES / BUG DESCRIPTION | H5: PRIORITY
A6: DW-01 | B6: Dark Web Module Loads | C6: 1. Navigate to Dark Web Exposure module 2. Check page loads | D6: Module page loads. No errors. Status shows last scan time. | E6: Pending | H6: Medium
A7: DW-02 | B7: Domain Exposure Check | C7: 1. Enter company domain 2. Run exposure check | D7: Results show any exposed credentials matching the domain on dark web sources. | E7: Pending | H7: High
A8: DW-03 | B8: Email Exposure Check | C8: 1. Enter a business email 2. Run check | D8: Any breached records for that email shown with breach source name and date. | E8: Pending | H8: High
A9: DW-04 | B9: Exposure Alert Trigger | C9: 1. Confirm an email that has known breach data 2. Check alerts | D9: Alert triggered in Notifications for the exposed email. | E9: Pending | H9: High
A10: DW-05 | B10: Historical Exposure Records | C10: 1. Run two checks over time 2. View history | D10: Both check results stored with timestamps. Trend visible. | E10: Pending | H10: Low
A11: 💡 HOW TO USE: Select STATUS dropdown → choose Passed / Failed / Skipped. For Failed tests, describe the exact error in the TESTER NOTES column. Date format: DD/MM/YYYY

Sheet 08 CE
A2: CyberAssetIQ – Module 08 – Cyber Essentials v3.2 Compliance
A3: Test Status: Pending | Fill in columns E–H for each test case
A5: TEST ID | B5: TEST NAME | C5: TEST STEPS / HOW TO TEST | D5: EXPECTED RESULT | E5: STATUS | F5: DATE TESTED | G5: TESTER NOTES / BUG DESCRIPTION | H5: PRIORITY
A6: CE-01 | B6: CE v3.2 Dashboard Loads | C6: 1. Navigate to Cyber Essentials module 2. Check control status summary | D6: Dashboard shows all CE controls (A1–A8) with pass/partial/fail status. | E6: Pending | H6: High
A7: CE-02 | B7: A1 Asset Register – Auto-Populated | C7: 1. After running asset discovery 2. Check CE A1 control | D7: Asset register automatically populated from discovered assets. | E7: Pending | H7: High
A8: CE-03 | B8: A2 User Access Control | C8: 1. Run identity scan 2. Check CE A2 control | D8: User list with admin accounts identified. Permissions matrix visible. | E8: Pending | H8: High
A9: CE-04 | B9: A3 Secure Configuration Check | C9: 1. Run configuration audit on an asset 2. Check CE A3 status | D9: Baseline comparison report generated. Deviations flagged. | E9: Pending | H9: High
A10: CE-05 | B10: A4 Vulnerability Management | C10: 1. Ensure vulnerability scan is complete 2. Check CE A4 status | D10: Scan report auto-mapped to CE A4. Patch status shown. | E10: Pending | H10: High
A11: CE-06 | B11: A5 Patch Management | C11: 1. Check patch compliance dashboard 2. Review CE A5 status | D11: Missing patches listed. Patch compliance % shown for CE A5. | E11: Pending | H11: High
A12: CE-07 | B12: Evidence Package Generation | C12: 1. Click 'Generate CE Evidence Package' 2. Download PDF | D12: PDF generated with all CE controls, evidence, asset data, and timestamps. | E12: Pending | H12: High
A13: CE-08 | B13: Non-Compliant Asset Remediation Guidance | C13: 1. Find a non-compliant asset in CE view 2. Click on it | D13: Remediation steps shown for the specific non-compliance. | E13: Pending | H13: Medium
A14: CE-09 | B14: CE Readiness Score | C14: 1. View CE dashboard 2. Check overall readiness score | D14: Score (%) shows percentage of CE controls passing. Updates live. | E14: Pending | H14: Medium
A15: 💡 HOW TO USE: Select STATUS dropdown → choose Passed / Failed / Skipped. For Failed tests, describe the exact error in the TESTER NOTES column. Date format: DD/MM/YYYY

Sheet 09 AI
A2: CyberAssetIQ – Module 09 – AI Security Intelligence
A3: Test Status: Pending | Fill in columns E–H for each test case
A5: TEST ID | B5: TEST NAME | C5: TEST STEPS / HOW TO TEST | D5: EXPECTED RESULT | E5: STATUS | F5: DATE TESTED | G5: TESTER NOTES / BUG DESCRIPTION | H5: PRIORITY
A6: AI-01 | B6: AI Security Intelligence Module Loads | C6: 1. Navigate to AI Security Intelligence 2. Check page loads | D6: Module loads without errors. AI provider shown (Groq/Gemini/Anthropic/OpenAI). | E6: Pending | H6: High
A7: AI-02 | B7: AI Threat Summary for Asset | C7: 1. Open an asset with CVEs 2. Request AI threat summary | D7: AI generates a natural-language threat summary for the asset. | E7: Pending | H7: High
A8: AI-03 | B8: AI Fallback Chain (Groq → Gemini → Anthropic → OpenAI) | C8: 1. Disable Groq API key 2. Trigger AI query 3. Verify fallback provider used | D8: AI query answered by next provider in chain. No error shown to user. | E8: Pending | H8: High
A9: AI-04 | B9: Natural Language Asset Query | C9: 1. Type 'Show me all Windows assets with Critical CVEs' 2. Submit | D9: Correct filtered asset list returned based on natural language query. | E9: Pending | H9: Medium
A10: AI-05 | B10: AI Remediation Recommendations | C10: 1. Select a Critical CVE 2. Request AI remediation advice | D10: AI provides specific, actionable remediation steps for that CVE. | E10: Pending | H10: High
A11: AI-06 | B11: AI Dark Web Insight | C11: 1. View a dark web exposure finding 2. Request AI analysis | D11: AI explains the exposure context, likely impact, and recommended actions. | E11: Pending | H11: Medium
A12: 💡 HOW TO USE: Select STATUS dropdown → choose Passed / Failed / Skipped. For Failed tests, describe the exact error in the TESTER NOTES column. Date format: DD/MM/YYYY

Sheet 10 SIEM-EDR
A2: CyberAssetIQ – Module 10 – SIEM & EDR Integrations
A3: Test Status: Pending | Fill in columns E–H for each test case
A5: TEST ID | B5: TEST NAME | C5: TEST STEPS / HOW TO TEST | D5: EXPECTED RESULT | E5: STATUS | F5: DATE TESTED | G5: TESTER NOTES / BUG DESCRIPTION | H5: PRIORITY
A6: INT-01 | B6: Sentinel Integration Connect | C6: 1. Navigate to Integrations → SIEM → Sentinel 2. Enter credentials 3. Save & Test | D6: Connection successful. Green status badge shown. | E6: Pending | H6: High
A7: INT-02 | B7: Splunk Integration Connect | C7: 1. Navigate to Integrations → SIEM → Splunk 2. Enter HEC URL & token 3. Test | D7: Events forwarded to Splunk. Test event visible in Splunk. | E7: Pending | H7: High
A8: INT-03 | B8: CrowdStrike EDR Connect | C8: 1. Navigate to Integrations → EDR → CrowdStrike 2. Enter API credentials 3. Test | D8: Connection established. EDR asset data synced. | E8: Pending | H8: High
A9: INT-04 | B9: Microsoft Defender Connect | C9: 1. Navigate to Integrations → EDR → Defender 2. Enter tenant/app credentials 3. Test | D9: Defender alerts visible in CyberAssetIQ findings. | E9: Pending | H9: High
A10: INT-05 | B10: Dispatcher Routes Events | C10: 1. Trigger a security event (e.g. critical CVE found) 2. Check all active integrations | D10: Event dispatched to all connected integrations simultaneously. | E10: Pending | H10: High
A11: INT-06 | B11: Integration Health Dashboard | C11: 1. Navigate to Integrations overview 2. Check health status | D11: All integrations show: status, last sync time, event count. | E11: Pending | H11: Medium
A12: 💡 HOW TO USE: Select STATUS dropdown → choose Passed / Failed / Skipped. For Failed tests, describe the exact error in the TESTER NOTES column. Date format: DD/MM/YYYY

Sheet 11 IAM
A2: CyberAssetIQ – Module 11 – IAM Integrations
A3: Test Status: Pending | Fill in columns E–H for each test case
A5: TEST ID | B5: TEST NAME | C5: TEST STEPS / HOW TO TEST | D5: EXPECTED RESULT | E5: STATUS | F5: DATE TESTED | G5: TESTER NOTES / BUG DESCRIPTION | H5: PRIORITY
A6: IAM-01 | B6: Entra ID (Azure AD) Connect | C6: 1. Navigate to Integrations → IAM → Entra ID 2. Enter tenant ID, client ID, secret 3. Test | D6: Connection successful. User list synced from Entra. | E6: Pending | H6: High
A7: IAM-02 | B7: Okta Connect | C7: 1. Navigate to Integrations → IAM → Okta 2. Enter domain & API token 3. Test | D7: Connection successful. Okta user/group data synced. | E7: Pending | H7: High
A8: IAM-03 | B8: Privileged Account Detection | C8: 1. After IAM sync 2. Check Identity Scanner results | D8: Admin/privileged accounts flagged. List matches actual Entra/Okta admin list. | E8: Pending | H8: High
A9: IAM-04 | B9: Stale Account Detection | C9: 1. In IAM sync results 2. Check for accounts with no recent login | D9: Accounts inactive >90 days flagged as stale. | E9: Pending | H9: Medium
A10: 💡 HOW TO USE: Select STATUS dropdown → choose Passed / Failed / Skipped. For Failed tests, describe the exact error in the TESTER NOTES column. Date format: DD/MM/YYYY

Sheet 12 ITSM
A2: CyberAssetIQ – Module 12 – ITSM & MSP Integrations
A3: Test Status: Pending | Fill in columns E–H for each test case
A5: TEST ID | B5: TEST NAME | C5: TEST STEPS / HOW TO TEST | D5: EXPECTED RESULT | E5: STATUS | F5: DATE TESTED | G5: TESTER NOTES / BUG DESCRIPTION | H5: PRIORITY
A6: ITSM-01 | B6: Jira Integration – Create Ticket | C6: 1. Navigate to Integrations → ITSM → Jira 2. Configure project key 3. Trigger a High CVE finding 4. Click 'Create Ticket' | D6: Jira ticket created with CVE details, asset name, severity, link back to finding. | E6: Pending | H6: High
A7: ITSM-02 | B7: ServiceNow Integration | C7: 1. Navigate to Integrations → ITSM → ServiceNow 2. Enter instance URL & credentials 3. Test | D7: Connection successful. Incident can be created from findings. | E7: Pending | H7: High
A8: ITSM-03 | B8: ConnectWise (MSP) Integration | C8: 1. Navigate to Integrations → MSP → ConnectWise 2. Enter credentials 3. Test | D8: Assets from ConnectWise synced. Tickets can be raised. | E8: Pending | H8: Medium
A9: ITSM-04 | B9: Datto (MSP) Integration | C9: 1. Navigate to Integrations → MSP → Datto 2. Enter API key 3. Test | D9: Datto endpoints sync to CyberAssetIQ asset inventory. | E9: Pending | H9: Medium
A10: ITSM-05 | B10: ITSM Ticket Status Sync | C10: 1. Create a ticket from a finding 2. Resolve it in Jira/ServiceNow 3. Check finding status | D10: Finding status updated in CyberAssetIQ when ticket resolved. | E10: Pending | H10: Medium
A11: 💡 HOW TO USE: Select STATUS dropdown → choose Passed / Failed / Skipped. For Failed tests, describe the exact error in the TESTER NOTES column. Date format: DD/MM/YYYY

Sheet 13 Reports
A2: CyberAssetIQ – Module 13 – Reporting & Evidence Packages
A3: Test Status: Pending | Fill in columns E–H for each test case
A5: TEST ID | B5: TEST NAME | C5: TEST STEPS / HOW TO TEST | D5: EXPECTED RESULT | E5: STATUS | F5: DATE TESTED | G5: TESTER NOTES / BUG DESCRIPTION | H5: PRIORITY
A6: RPT-01 | B6: PDF Report Generation | C6: 1. Navigate to Reports 2. Select 'Full Security Report' 3. Click Generate PDF | D6: PDF generated with company branding, all modules summarised, date/time stamp. | E6: Pending | H6: High
A7: RPT-02 | B7: CE Evidence Package PDF | C7: 1. Navigate to CE module 2. Click 'Generate Evidence Package' 3. Download | D7: PDF contains: asset register, CE control status, evidence for each control. | E7: Pending | H7: High
A8: RPT-03 | B8: Executive Summary Report | C8: 1. Select Executive Summary report type 2. Generate | D8: Non-technical 1-2 page summary: risk score, key findings, top risks. | E8: Pending | H8: High
A9: RPT-04 | B9: Vulnerability Report | C9: 1. Select Vulnerability Report 2. Filter by date range 3. Generate | D9: Report lists all CVEs in date range, sorted by severity. | E9: Pending | H9: Medium
A10: RPT-05 | B10: Scheduled Reports | C10: 1. Set up a scheduled weekly report 2. Wait or manually trigger | D10: Report generated on schedule. Delivered to configured email. | E10: Pending | H10: Medium
A11: RPT-06 | B11: Report Download (CSV export) | C11: 1. In asset list or vuln list 2. Click Export CSV | D11: CSV file downloaded with all visible data. Correct column headers. | E11: Pending | H11: Medium
A12: 💡 HOW TO USE: Select STATUS dropdown → choose Passed / Failed / Skipped. For Failed tests, describe the exact error in the TESTER NOTES column. Date format: DD/MM/YYYY

Sheet 14 RBAC
A2: CyberAssetIQ – Module 14 – Multi-Tenancy & RBAC
A3: Test Status: Pending | Fill in columns E–H for each test case
A5: TEST ID | B5: TEST NAME | C5: TEST STEPS / HOW TO TEST | D5: EXPECTED RESULT | E5: STATUS | F5: DATE TESTED | G5: TESTER NOTES / BUG DESCRIPTION | H5: PRIORITY
A6: RBAC-01 | B6: Tenant Isolation | C6: 1. Create two tenants 2. Add assets to each 3. Log in as tenant-1 user | D6: Tenant-1 user sees ONLY tenant-1 assets. No cross-tenant data leakage. | E6: Pending | H6: High
A7: RBAC-02 | B7: Admin vs Read-Only Role | C7: 1. Create a read-only user 2. Log in 3. Attempt to create/delete an asset | D7: Read-only user cannot create, edit, or delete. All buttons greyed out or 403 returned. | E7: Pending | H7: High
A8: RBAC-03 | B8: API Multi-Tenant Isolation | C8: 1. Use tenant-001 API key 2. Call GET /api/v1/assets 3. Verify no tenant-002 data | D8: API returns only tenant-001 data. Other tenant records not accessible. | E8: Pending | H8: High
A9: RBAC-04 | B9: New User Invite | C9: 1. Admin invites a new user by email 2. New user receives invite 3. Sets password & logs in | D9: Invite email received. New user onboarded successfully. | E9: Pending | H9: Medium
A10: 💡 HOW TO USE: Select STATUS dropdown → choose Passed / Failed / Skipped. For Failed tests, describe the exact error in the TESTER NOTES column. Date format: DD/MM/YYYY

Sheet 15 Alerts
A2: CyberAssetIQ – Module 15 – Notifications & Alerts
A3: Test Status: Pending | Fill in columns E–H for each test case
A5: TEST ID | B5: TEST NAME | C5: TEST STEPS / HOW TO TEST | D5: EXPECTED RESULT | E5: STATUS | F5: DATE TESTED | G5: TESTER NOTES / BUG DESCRIPTION | H5: PRIORITY
A6: ALERT-01 | B6: Email Alert on Critical CVE | C6: 1. Ensure Gmail SMTP configured 2. Add a Critical CVE to an asset 3. Check email | D6: Email alert received within 5 minutes with CVE details, asset name, severity. | E6: Pending | H6: High
A7: ALERT-02 | B7: Slack Alert | C7: 1. Configure Slack webhook 2. Trigger a High finding 3. Check Slack channel | D7: Slack message received with finding summary and link. | E7: Pending | H7: High
A8: ALERT-03 | B8: Dark Web Exposure Alert | C8: 1. Add an email that has a known breach 2. Run check 3. Check notifications | D8: Alert created in notifications panel for dark web match. | E8: Pending | H8: High
A9: ALERT-04 | B9: Agent Offline Alert | C9: 1. Stop Windows agent 2. Wait for heartbeat timeout 3. Check notifications | D9: Alert generated: 'Agent offline – [hostname]'. Email/Slack sent if configured. | E9: Pending | H9: Medium
A10: ALERT-05 | B10: Alert Acknowledge & Dismiss | C10: 1. View an active alert 2. Click Acknowledge 3. Check alert status | D10: Alert moved to Acknowledged. No longer in active alerts list. | E10: Pending | H10: Medium
A11: 💡 HOW TO USE: Select STATUS dropdown → choose Passed / Failed / Skipped. For Failed tests, describe the exact error in the TESTER NOTES column. Date format: DD/MM/YYYY

Sheet 16 API
A2: CyberAssetIQ – Module 16 – API Endpoints
A3: Test Status: Pending | Fill in columns E–H for each test case
A5: TEST ID | B5: TEST NAME | C5: TEST STEPS / HOW TO TEST | D5: EXPECTED RESULT | E5: STATUS | F5: DATE TESTED | G5: TESTER NOTES / BUG DESCRIPTION | H5: PRIORITY
A6: API-01 | B6: GET /api/v1/assets | C6: 1. Call GET /api/v1/assets with admin API key 2. Check response | D6: 200 OK. JSON array of assets returned. | E6: Pending | H6: High
A7: API-02 | B7: POST /api/v1/assets | C7: 1. POST a new asset JSON to /api/v1/assets 2. Check response | D7: 201 Created. New asset in response body. Appears in asset list. | E7: Pending | H7: High
A8: API-03 | B8: GET /api/v1/vulnerabilities | C8: 1. Call GET /api/v1/vulnerabilities 2. Check response | D8: 200 OK. Vulnerability list returned with CVE IDs, CVSS scores. | E8: Pending | H8: High
A9: API-04 | B9: GET /api/v1/compliance/ce | C9: 1. Call GET /api/v1/compliance/ce 2. Check response | D9: 200 OK. CE control statuses returned as JSON. | E9: Pending | H9: High
A10: API-05 | B10: POST /api/v1/scans/trigger | C10: 1. POST to trigger a network scan 2. Check scan starts | D10: 202 Accepted. Scan job queued. Scan ID returned. | E10: Pending | H10: High
A11: API-06 | B11: Rate Limiting | C11: 1. Send 100+ requests in quick succession 2. Check response after limit | D11: 429 Too Many Requests returned. Rate limit header present. | E11: Pending | H11: Medium
A12: API-07 | B12: API Documentation (Swagger/OpenAPI) | C12: 1. Navigate to /docs or /api/docs 2. Verify all endpoints listed | D12: Swagger UI loads. All endpoints documented with request/response schemas. | E12: Pending | H12: Medium
A13: 💡 HOW TO USE: Select STATUS dropdown → choose Passed / Failed / Skipped. For Failed tests, describe the exact error in the TESTER NOTES column. Date format: DD/MM/YYYY

Sheet 17 UI
A2: CyberAssetIQ – Module 17 – Dashboard UI & UX
A3: Test Status: Pending | Fill in columns E–H for each test case
A5: TEST ID | B5: TEST NAME | C5: TEST STEPS / HOW TO TEST | D5: EXPECTED RESULT | E5: STATUS | F5: DATE TESTED | G5: TESTER NOTES / BUG DESCRIPTION | H5: PRIORITY
A6: UI-01 | B6: Dashboard Loads After Login | C6: 1. Log in 2. Observe main dashboard | D6: Dashboard renders: asset count, risk score, CVE summary, recent alerts. No blank panels. | E6: Pending | H6: High
A7: UI-02 | B7: Navigation Menu – All Sections | C7: 1. Click every item in the left-hand menu | D7: Each section loads without 404 or blank page. | E7: Pending | H7: High
A8: UI-03 | B8: Dark Background – White Text Visibility | C8: 1. Check all headers and panel titles 2. Ensure text is readable | D8: All text on dark backgrounds is WHITE or bright colour. No invisible dark text. | E8: Pending | H8: High
A9: UI-04 | B9: Mobile / Tablet Responsive | C9: 1. Open on a tablet or use browser dev tools at 768px width | D9: Layout adjusts. No overlapping elements. Navigation accessible. | E9: Pending | H9: Medium
A10: UI-05 | B10: Loading States | C10: 1. Trigger a slow operation (large scan) 2. Observe UI during load | D10: Loading spinner or progress bar shown. UI does not freeze. | E10: Pending | H10: Medium
A11: UI-06 | B11: Error Messages | C11: 1. Submit a form with invalid data 2. Disconnect API and attempt action | D11: Clear user-friendly error messages shown. No raw stack traces exposed. | E11: Pending | H11: High
A12: UI-07 | B12: Ctrl+Shift+R Hard Refresh | C12: 1. Make a backend change 2. Hard refresh browser 3. Verify change reflected | D12: Latest data loads after hard refresh. No cached stale data. | E12: Pending | H12: Medium
A13: 💡 HOW TO USE: Select STATUS dropdown → choose Passed / Failed / Skipped. For Failed tests, describe the exact error in the TESTER NOTES column. Date format: DD/MM/YYYY
